Symbol,Company Name
AABA,Altaba Inc.
AAL,"American Airlines Group, Inc."
AAME,Atlantic American Corporation
AAOI,"Applied Optoelectronics, Inc."
AAON,"AAON, Inc."
AAPL,Apple Inc.
AAWW,Atlas Air Worldwide Holdings
AAXJ,iShares MSCI All Country Asia ex Japan Index Fund
AAXN,"Axon Enterprise, Inc."
ABAC,"Renmin Tianli Group, Inc."
ABCB,Ameris Bancorp
ABCD,"Cambium Learning Group, Inc."
ABDC,Alcentra Capital Corp.
ABEO,Abeona Therapeutics Inc.
ABEOW,Abeona Therapeutics Inc.
ABIL,Ability Inc.
ABIO,"ARCA biopharma, Inc."
