title,channel_id,description,subscriber_count,view_count,normalized_subscribers,normalized_views
Econom√≠a y finanzas,UC07aOkTp6Kvut3sXtrzvQHA,Sin descripci√≥n,3,381,3.0581039755351682e-06,4.094867825630623e-07
Econom√≠a y Finanzas,UCKKql89zJTNtR5HKZO0VJUQ,Sin descripci√≥n,0,8,0.0,8.598147665366137e-09
DR Finanzas,UCy4fRy232xU8DSLT7Fbf82g,"Un canal creado para fomentar la educaci√≥n financiera, aprender de finanzas personales, finanzas corporativas, finanzas p√∫blicas etc.
Adem√°s aprende de contabilidad, econom√≠a y excel. 
Tutoriales, cursos y clases para crecer tu formaci√≥n.",2420,257161,0.0024668705402650357,0.0002763885314716527
Editorial Econom√≠a y Finanzas,UCpaiYHEkah_iZr8Cv46q8Zg," En el a√±o 1968 fue fundada nuestra empresa por el Dr. Teodoro Nichtawitz. Hoy la dirige el Dr. C√©sar Talledo Maz√∫. Desde su inicio su misi√≥n fue publicar manuales que trataran los reg√≠menes legales concernientes al √°mbito empresarial. Sus notas distintivas fueron y siguen si√©ndolo la sistematizaci√≥n de las normas tratadas, la inclusi√≥n de comentarios, jurisprudencia e informes y su actualizaci√≥n permanente.

As√≠ nacieron nuestros manuales sobre los reg√≠menes tributario, laboral, societario, aduanero y los de competencia del Indecopi, con ostensible presencia en el mercado peruano.

Hoy, en la era digital, estamos abocados a brindar informaci√≥n legal v√≠a internet en los mencionados √°mbitos con la calidad de contenido que nos caracteriza. ",0,16780,0.0,1.8034614728105473e-05
Moconomy - Econom√≠a y Finanzas,UCkcpcQv9rKFqWRO5ocqKZPg,"Moconomy¬Æ muestra documentales sobre negocios y finanzas.


COPYRIGHT / IMPORTANT: All Rights Reserved! All of the films published by us are legally licensed. We have acquired the rights (at least for specific territories) from the rightholders by written contract. If you have questions please send an email to: info[at]moconomy.tv, Moconomy GmbH, www.moconomy.tv.",238000,34178702,0.24260958205912334,0.03673419085081812
Gast√≥n P√©rez - Finanzas Personales,UC7e0Vos7HfCaq257UBc6f6g,"üôãüèª‚Äç‚ôÇÔ∏è Soy Gast√≥n, inversor y apasionado por las finanzas personales. 
üì∫ En este canal analizo diferentes mecanismos de inversi√≥n, hablamos de libertad financiera, tips de ahorro, an√°lisis de empresas, entre otras cosas.
üìçVivo en Montevideo, Uruguay pero el contenido del canal aplica a inversores de cualquier parte del mundo (exceptuando algunos videos puntuales para el mercado Uruguayo). 

SUSCRIBITE a este canal y seguime en redes sociales @finanzasgaston

",21000,1025193,0.021406727828746176,0.0011018450999374632
Finanzas con Gus,UCrr-NczCJHrwi1oBS97uwnw,"Las finanzas personales y el √©xito financiero: lo que nunca nos ense√±aron en la escuela. Este canal tiene como prop√≥sito educar al p√∫blico sobre los principios de las finanzas personales y la economia. 

Para partnerships y asuntos de negocios, por favor mandarme un email.

Este no es y no debe considerarse como una gu√≠a de inversi√≥n. La informaci√≥n en este canal son una expresi√≥n subjetiva de los puntos de vista y la opini√≥n personal de Gus y, bajo ninguna circunstancia, el contenido publicado en el mismo debe tratarse como asesoramiento financiero o de inversi√≥n. No debe tomar decisiones financieras basadas √∫nicamente en el contenido de este canal: usted es el √∫nico responsable de las decisiones y acciones de inversi√≥n que realice.

Hacer Trading es arriesgado y podr√≠as perder parte o todo el capital invertido. La informaci√≥n proporcionada tiene fines informativos y educativos √∫nicamente y no representa ning√∫n tipo de asesoramiento financiero y/o recomendaci√≥n de inversi√≥n
",558000,51311183,0.5688073394495413,0.05514764103982808
Econom√≠a y Finanzas,UClQpqnV5TIr8TFhoFeAs8rg,"Econom√≠a y Finanzas transmite documentales y otros videos sobre temas econ√≥micos, de negocios e inversiones.",0,4,0.0,4.299073832683069e-09
ECONOMIA Y FINANZAS PERSONALES,UCp-1n_ih0NSn88bMYI-86ZA,"HOLA AMIGOS üëã SOY JAVIER CASSAB

BIENVENIDOS A MI CANAL "" ECONOMIA Y FINANZAS PERSONALES""

EN ESTE CANAL ENCONTRARAN TUTORIARES  SOBRE TRANFERENCIAS BANCARIAS DE DIFERENTES ENTIDADES, ASI COMO INFORMACI√ìN RELACIONADA CON CUENTAS Y MUCHO MAS !!


https://www.youtube.com/@economiayfinanzas6998",917,287543,0.0009347604485219164,0.0003090421467677969
ECONOM√çA Y FINANZAS,UC-e4FSozlER2PM4s-fOTP6w,Sin descripci√≥n,2700,1240994,0.0027522935779816515,0.001333781207979173
"GeoEconomia | Finanzas, Economia y Documentales",UCp4KiOIzAqEXEJTI4FCLtJA,"Entra al vertiginoso ritmo del mundo, donde nuestra constante evoluci√≥n impacta nuestras vidas en m√∫ltiples direcciones. La econom√≠a, las finanzas y la trayectoria de empresas no solo moldean naciones, sino en ocasiones tambi√©n forjan el destino de cada individuo. El dinero nos atrapa o nos libera. Nos guste o no, as√≠ es el mundo en que vivimos.

Bienvenido a este canal, donde encontraras historias y documentales cautivadores que se entrelazan con la esencia misma de la econom√≠a, las finanzas, las empresas y los visionarios emprendedores que han moldeado nuestra realidad. Aqu√≠, te sumergir√°s en relatos reveladores que desvelan los engranajes ocultos del funcionamiento global. Descubrir√°s historias fascinantes de triunfos y desaf√≠os enfrentados por audaces empresarios y la inquebrantable determinaci√≥n de hombres y mujeres que transformaron el curso de nuestras vidas.

Encontrar√°s documentales e historias fascinantes, sobre finanzas, econom√≠a, negocios y el esp√≠ritu emprendedor



",3,8,3.0581039755351682e-06,8.598147665366137e-09
Finanzas iDatos,UCLaM9bHHYJRzteoO1ZtPPbA,"¬°Bienvenidos a esta nueva aventura!

Juntos aprenderemos mas sobre las finanzas personales, econom√≠a e inversi√≥n.

Mostraremos un contenido √∫nico y de utilidad que podr√°s utilizar  para desarrollarte personal y profesionalmente. 

Descubrir√°s un mundo apasionante y totalmente desconocido para la mayor parte de la sociedad.

Aportar nuestro granito de arena para dar a conocer de que se trata la Educaci√≥n Financiera

Qu√©date y s√≠guenos.
Queremos aprender contigo! üôÇ

#inversion #economia #educacionfinanciera #finanzaspersonales
",6120,278091,0.006238532110091743,0.0002988834353011668
Finanzas para Mortales - Educaci√≥n Financiera,UCIcZI3Hwwfz-tBjrr2b8wjQ,"üìö ¬øQuieres ver la #econom√≠a y las #finanzas de una manera diferente y que todos podamos entender?

üëå #FinanzasparaMortales es un proyecto de #educacionfinanciera de Banco Santander y Santander Financial Institute (SANFI) que tiene como objetivo acercar el mundo de las finanzas y la econom√≠a a los mortales, dos mundos que muchas veces parece que no se entienden, pero que se necesitan. Te esperamos en:

üîó http://www.finanzasparamortales.es
",9820,816877,0.01001019367991845,0.0008779536338051618
Econom√≠a y finanzas,UCNeoYDT_A1AJIB5aPGnFo5w,"Bienvenidos a este canal de econom√≠a y finanzas, aqu√≠ vamos a ayudarte a conquistar el mundo financiero y a alcanzar tus metas econ√≥micas. 
El objetivo de este canal es proporcionarte conocimientos pr√°cticos y consejos inteligentes para que tomes el control de tus finanzas y construyas un futuro financiero s√≥lido. 
Aqu√≠ analizamos estrategias de inversi√≥n, desde acciones hasta bienes ra√≠ces, desentra√±ando conceptos para que puedas tomar decisiones informadas.
Por √∫ltimo, este canal est√° enfocado en mantenerte informad@ de las noticias sobre la econom√≠a mundial y sobretodo en que aprendas a ser una persona econ√≥micamente independiente.
Subscr√≠bete y activa la campana para recibir notificaciones y √∫nete a miles de personas que est√°n transformando sus vidas financieras con ""Econom√≠a y finanzas"".



",7,283,7.135575942915393e-06,3.0415947366232713e-07
El Rinc√≥n de la Econom√≠a,UC1674yvtgycTZxonFBd7vhw,"

Canal con contenido acad√©mico relacionado a la carrera de Econom√≠a, Finanzas, Estad√≠stica y a fines. Videos con prop√≥sito educativo de soporte y complemento.",1160,14114,0.001182466870540265,1.5169282018622207e-05
Ministerio de Econom√≠a y Finanzas Uruguay,UCu6vr8WRDa_4vxKeZZS7sxg,"Ministerio de Econom√≠a y Finanzas de la Rep√∫blica Oriental del Uruguay

Canal de video del organismo rector de la administraci√≥n de la econom√≠a y las finanzas del Estado, donde se publican informes audiovisuales de las actividades relacionadas con la labor del Ministerio, cuyo cometido principal es ejercer ""la conducci√≥n superior de la pol√≠tica nacional en materia econ√≥mica y financiera"".",759,73892,0.0007737003058103975,7.941679091115433e-05
Finanzas Econom√≠a y Trading,UC9bnENUsaANxQJJAU6BfqAQ,"An√°lisis t√©cnico con la mejor metodolog√≠a de an√°lisis existente: Ondas de Elliott en combinaci√≥n de Patrones Arm√≥nicos.
Elliott Waves & Harmonic Pattern training",2640,134840,0.002691131498470948,0.00014492177889974625
Cosas de Finanzas,UCBu3cQaQjGclj1TKS7MZkoA,"La verdad es que el dinero puede intimidar, y la mayor√≠a de nosotros no recibimos mucha educaci√≥n financiera en la escuela. 

En Cosas de Finanzas, nuestro objetivo es hacer accesible el aprendizaje sobre una variedad de temas relacionados con la econom√≠a, finanzas y desarrollo personal.

¬øQui√©n no quiere conseguir libertad financiera y construir riqueza? Nosotros queremos compartir contigo los conceptos b√°sicos del dinero, estilo de vida, invertir y otros conceptos y estrategias sobre finanzas.
 
Tambi√©n hablamos sobre las mejores novedades y pol√©micas en la actualidad que afectan de manera directa o indirecta a la econom√≠a y finanzas.

Cualquier duda o sugerencia, puedes dejarla en la secci√≥n de comentarios y te responderemos r√°pidamente. Dicho esto, prepara las palomitas y ponte c√≥modo para empezar a ver los mejores v√≠deos sobre Finanzas!

cosasdefinanzascontacto@gmail.com
",1160,101891,0.001182466870540265,0.00010950923297147764
Luis - Inversi√≥n y Finanzas,UCHk3AYa-vLhutl5FtYnLi-A,"Mi nombre es Luis Fernando, tengo estudios en Ing. Financiera, soy un inversor ""relativamente"" joven que empez√≥ a invertir en enero de 2020 y cometio muchos errores en el camino, afortunadamente por prueba y error pude reponer mis fallas pero me costaron cerca de 20% de todo mi efectivo y hoy estoy aqui para ayudarte a que no cometas NINGUNO de mis errores como inversor en la bolsa de valores y para que estemos siempre actualizados en el sector de finanzas personales. Hablaremos diariamente de tres cosas: 
1. Actualidad econ√≥mica
2. Bolsa de valores
3. Finanzas personales

Si estos son temas que te interesan me llenaria de alegria que puedas unirte a la comunidad. Sin nada mas que decirte, me despido y espero verte en el siguiente en vivo.
",87100,15486975,0.08878695208970439,0.01664491224247922
Econom√≠a y Finanzas,UC1dCE541duT46AYjLu-fk6w,"Econom√≠a y Finanzas es un canal especializado en temas econ√≥micos y financieros.

En este canal valoramos la importancia de las matem√°ticas y la estad√≠stica para explicar los fen√≥menos econ√≥micos y financieros.



",1,46,1.0193679918450562e-06,4.943934907585529e-08
Economia y Finanzas,UCFRq9gKYtVJq7ij2SSuRwrA,"La c√°tedra al alcance de todos

Moderadores: Econ. Elis Blanco y el Licdo. Rafael Morales.

üìàEconom√≠a
üí∞Finanzas
üì¢Emprendimiento
üìùNegocios y m√°s

",4,33,4.077471967380225e-06,3.546735911963532e-08
Ministerio de Econom√≠a y Finanzas del Per√∫,UCHIuXXO2ZLocViLR3Ir2uaQ,"Trabajamos para reactivar la econom√≠a, fomentando la inversi√≥n p√∫blica y privada que promueva m√°s oportunidades para todos. #ConPunchePer√∫",62900,2748117,0.06411824668705403,0.002953589470962874
Juan Mancera - Econom√≠a y Finanzas,UCAu9NAiSjA9luIhXBGxJO0A,"La econom√≠a y las finanzas son campos sumamente emocionantes. El problema es que muchas veces es dif√≠cil entender o unir las piezas de informaci√≥n que hay dispersas entre los libros, la escuela y los distintos medios. 
En este canal encontrar√°s videos con cursos, explicaciones y opiniones sobre los temas m√°s importantes de econom√≠a y finanzas, de una manera sencilla de entender.
¬°Suscr√≠bete para acompa√±arme a navegar por este enorme mar de temas!
",628,44329,0.0006401630988786952,4.764341098225194e-05
Silvia Finanzas Inteligentes,UCPL8GZd3pfcUJJjs-U655lg,Sin descripci√≥n,209000,18124110,0.2130479102956167,0.019479221760417383
Economia y finanzas,UCbjIwcbSGNNanSS_fDvre_Q,Videos que pasan desapercibidos PERO... merecen ser vistos!,1400,106935,0.0014271151885830785,0.00011493036507449098
MegaTop - Finanzas,UCcqU0WqcZGmV9pbum_7E00w,"¬°Bienvenido a MegaTop Finanzas!

üöÄ Este sera tu canal confiable y experto para todo lo relacionado con economia, negocios y finanzas. Aqu√≠, buscamos empoderar a individuos y empresas, proporcionando informaci√≥n valiosa y accesible sobre finanzas personales, inversiones, emprendimiento, econom√≠a y mucho m√°s.

üíò Con un enfoque en contenidos pr√°cticos y aplicables, ofrecemos una gama de videos educativos en cuanto a finanzas personales, an√°lisis de tendencias del mercado, estrategias de inversi√≥n y consejos, ¬°entre mucho m√°s!. Ya seas un principiante en el mundo financiero, un empresario en crecimiento, o un inversionista experimentado, encontrar√°s algo de valor aqu√≠.

üí∏ Nos esforzamos por proporcionar contenido que sea comprensible, relevante y actualizado, para que puedas tomar decisiones financieras bien fundamentadas.

¬°Suscr√≠bete y √∫nete a nuestra comunidad para mejorar tu conocimiento financiero y tener √©xito en tus emprendimientos de negocios!
",45300,6371800,0.04617737003058104,0.0068482096617724945
Econom√≠a y Finanzas Personales,UCT2awhPiC7biJ1DPgiihoyw,"SUSCR√çBETE y mira m√°s Videos de este Canal.

Aqu√≠ hablamos de: 
Econom√≠a
Finanzas Personales 
Noticias de Actualidad 
Estrategias de Inversion
Rese√±as de Plataformas de Inversi√≥n 
Rese√±as de Aplicaciones para Ganar Dinero 
Estrategias para Ahorrar m√°s dinero 
",124,4395,0.00012640163098878696,4.723607373660522e-06
Negocios TV,UCwd8Byi93KbnsYmCcKLExvQ,"Somos el canal de televisi√≥n de informaci√≥n econ√≥mica en espa√±ol. Queremos contarte la actualidad financiera de una manera diferente. Pensando en ti y en lo que te interesa. Te acompa√±amos en tus inversiones, pero tambi√©n en la b√∫squeda de trabajo, o en identificar donde hay una buena oportunidad para montar tu negocio. Y estamos apasionados por la tecnolog√≠a y la innovaci√≥n üî•.

Nos puedes ver en el canal 140 de Movistar TV y ya en las principales plataformas digitales: iOS, Android, Fire TV o Alexa. Incluso nos puedes encontrar en formato podcast, en Spotify y Apple Podcast. üí•.

Atenci√≥n: Si ves mensajes de cuentas de Telegram en el canal que te dicen que te pongas en contacto, no lo hagas. Son Spam. Desde Negocios TV estamos denunciando cada cuenta pero no debes confiar en ellas. Tampoco mensajes sobre que una se√±ora o se√±or X te van a hacer ganar much√≠simo dinero. Desconf√≠a de estos mensajes.
",981000,930432962,1.0,1.0
Economia y Finanzas,UCaCs2XcPYW5XKC_FTOv2llg,Sin descripci√≥n,5,487,5.09683995922528e-06,5.234122391291636e-07
Finanzas Para Ti,UCDnMoP3VSZjGwYbMiV2N0cg,"Bienvenid@ a Finanzas Para Ti !!üí•

Canal de finanzas, econom√≠a, inversi√≥n y asesoramiento financiero.

En este canal nuestra meta es ayudarte y brindarte informaci√≥n educativa acerca de temas relacionados a econom√≠a, inversiones, finanzas, ahorros y mucho m√°s.

Aqu√≠ podr√°s adquirir los conocimientos que necesitas para mejorar la gesti√≥n de tu dinero y alcanzar tus metas financieras.

Si estas interesado en aprender m√°s sobre estos temas, aseg√∫rate de darle al bot√≥n de suscribirse para brindarte de la mejor manera posible!

Para colaboraciones comercialesüì• : Finanzasparatiyt@gmail.com
",7410,406961,0.007553516819571866,0.0004373888465056336
Econom√≠a y Finanzas,UCQQAlsntLHUTl1dBvIuDq-A,Sin descripci√≥n,1970,261521,0.0020081549439347605,0.0002810745219492772
Mujeres en Econom√≠a y Finanzas de C√≥rdoba,UCkGfCa_4gJcRj4u4Cge4h1g,Sin descripci√≥n,25,279,2.5484199796126402e-05,2.9986039982964405e-07
Fredy Andrade - Econom√≠a Y Finanzas,UCRoyHym32DruHGpJIJuFEUg,En este canal encontraras informaci√≥n relacionada con Econom√≠a y Finanzas.,594,67777,0.0006055045871559633,7.284458178944009e-05
ECONOM√çA Y FINANZAS,UCOVzzbNYpRQvSGRODJiEwPA,Sin descripci√≥n,0,221,0.0,2.3752382925573954e-07
Geoeconom√≠a y finanzas,UCn8SVbia5tHM_PzymdU80Fg,"Aqu√≠ tendr√°s las claves sobre econom√≠a, mercado inmobiliario, finanzas personales, crisis econ√≥mica o la inversi√≥n en oro, plata y criptomonedas como el Bitcoin

Prot√©gete de los grandes cambios que agitan el mundo estos d√≠as e incluso gana dinero en mitad de la tormenta financiera
",2910,252483,0.0029663608562691133,0.0002713607646243298
Lorena Alvarez Finanzas Personales ,UC-cu8Ir0HQTbIG-2eA53_6g,"¬øQuieres aprender sobre gesti√≥n de finanzas personales? üí∞. Todos los jueves a las 20:00 h un nuevo v√≠deo en mi canal üîù.
Contacto ‚úâÔ∏è: consultoria.lorena.alvarez@gmail.com

",126,6751,0.00012844036697247707,7.255761861110849e-06
Econom√≠a y Finanzas,UCNLie8stdNpb3BhARDkxQJg,Sin descripci√≥n,38,8875,3.873598369011213e-05,9.53857006626556e-06
Econom√≠a y Finanzas,UC7BUaNVu-07w_rA2e1CCm4w,Sin descripci√≥n,0,90,0.0,9.672916123536905e-08
Econom√≠a y finanzas.,UCLIeGx2tAoztyTn1DtxmysA,Sin descripci√≥n,7,100,7.135575942915393e-06,1.0747684581707671e-07
Econom√≠a y finanzas ,UCit6_-XFKUcauBiIdIOMGXA,Sin descripci√≥n,21,3,2.1406727828746177e-05,3.2243053745123015e-09
Econom√≠a y Finanzas,UCY63lMjIM2CKFgVt0s0MfsQ,Sin descripci√≥n,17,8426,1.7329255861365955e-05,9.055999028546884e-06
Economia Y Finanzas,UCberV5zcMrFyGYg05TBowkw,"""¬°Bienvenidos a [Alan_Econom√≠a]! Aqu√≠ encontrar√°s una fuente inagotable de conocimientos y consejos para potenciar tu crecimiento personal y alcanzar tus metas financieras. Nuestro canal se centra en tres pilares fundamentales: desarrollo personal, econom√≠a y finanzas.

üåü Desarrollo Personal: Exploraremos estrategias para mejorar tu autoestima, establecer metas claras, superar obst√°culos y cultivar una mentalidad positiva. Creemos que el crecimiento personal es el primer paso para lograr el √©xito en cualquier aspecto de la vida.

üí∞ Econom√≠a: Sum√©rgete en el fascinante mundo de la econom√≠a, donde desentra√±aremos los conceptos clave que afectan tu vida cotidiana. Analizaremos las tendencias econ√≥micas, el impacto de las pol√≠ticas gubernamentales y c√≥mo tomar decisiones financieras inteligentes.

üí° Finanzas: La gesti√≥n financiera es esencial para alcanzar tus objetivos. Te brindaremos herramientas pr√°cticas para presupuestar, ahorrar, invertir y construir tu patrimonio. √âxitos Con Di√≥s",4,64,4.077471967380225e-06,6.87851813229291e-08
ES Econom√≠a y Finanzas ,UCOodFmKeyYAyD7MLXHSg1uA,"Bienvenidos a mi canal dedicado a Finanzas y Econom√≠a de El Salvador y el mundo.

Suscr√≠bete. Videos todos los d√≠as.

""La perseverancia es la √∫nica que puede hacer la diferencia entre el fracaso y el √©xito""
",0,2,0.0,2.1495369163415344e-09
Uneduc - Econom√≠a y Finanzas,UCGeciGJgsTJgLW7CdkANrEg,"üë®üèª‚Äçüíª Gabriel Flores-Rozas / 
https://www.linkedin.com/in/gabrielfloresrozas/

üî¥  Suscr√≠bete a mi Canal: https://bit.ly/3G9A1jo
‚ö™  Blog: https://www.gabrielfloresr.com/
üîµ  www.uneduc.org / www.mactraining.org / www.kungfu.cl
üì© Mail: gflores.university@gmail.com

Mis canales acad√©micos:
‚ñ∂Ô∏è 1.- GFR Canal Oficial: https://www.youtube.com/user/gfloresgauss/videos
* Suscr√≠bete en https://bit.ly/3G9A1jo
üìï 2.- Uneduc - Educaci√≥n: https://www.youtube.com/channel/UCwyQq_eT4rVQy3Au4Ir-wMQ/videos
üìä 3.- Uneduc - Econom√≠a y Finanzas: https://www.youtube.com/channel/UCGeciGJgsTJgLW7CdkANrEg/videos
üìö 4.- Uneduc - F√≠sica y Matem√°tica: https://www.youtube.com/channel/UCIYxfeqT6DSnbtHx3LH01dw/videos
üìà 5.- Uneduc - Inteligencia de Negocios: https://www.youtube.com/channel/UCjgQk1AExz6-eBiWbWVvV4w/videos
üíª 6.- Mac Training: https://www.youtube.com/channel/UCo3afBq8GOPawPKh-FipRdg/videos
ü•ã 7.- GFR Artes Marciales: https://www.youtube.com/channel/UCjfIvqPHbUPepkm-aNTdtwQ/videos
",12,1088,1.2232415902140673e-05,1.1693480824897946e-06
AUDIOLIBROS ECONOMIA Y FINANZAS ,UCZa-aJt-HQl7TP33FLsXtQw,"Nuestra meta es orientarte con las herramientas que T√∫ NECESITAS, para poder alcanzar eso que tanto deseas comprender, y es una correcta administraci√≥n de tus finanzas y, hoy por hoy, existen diversas maneras que te lo facilitan y es por ello que ponemos a tu disposici√≥n gran variedad de audiolibros y material audiovisual  los cuales te permitir√°n comprender mejor TUS FINANZAS

¬†DESCARGO DE RESPONSABILIDAD: es imparte que verifiques por ti mismos y con un especialista de tu confianza a la hora de hacer tus inversiones, en este canal solo te ofreceremos una gu√≠a para que puedas ordenar tus ideas, pero t√∫ eres EL RESPONSABLE DE TUS FINANZAS Los audiolibros son, normalmente, m√°s baratos que los libros tradicionales y adem√°s se pueden descargar f√°cilmente. ‚Ä¶
EN ESTE CANAL TENDREMOS A TU DISPOSICI√ìN LOS MEJORES LIBRO CON LOS MEJORES NARRADORES  GRATIS 
",3730,249247,0.0038022426095820593,0.0002678828138936892
PROFE JULIO SEGURA ECONOM√çA Y FINANZAS ,UCPS-6eDG7DVduy4fyfT96bw,"Este canal pretende fomentar la cultura financiera y econ√≥mica en beneficio de estudiantes, trabajadores, profesionistas y poblaci√≥n en general.",1180,32112,0.001202854230377166,3.4512964728779675e-05
Econom√≠a y Finanzas,UC-WwAKSkDgMk121BmL7qWsw,Sin descripci√≥n,2,19,2.0387359836901123e-06,2.0420600705244575e-08
Eduardo Rosas - Finanzas Personales,UCBxr1muciHdRtlygUhruARw,"Con un grado en Finanzas y Banca, estudiando la maestr√≠a en Planeaci√≥n Financiera, pero sobre todo una curiosidad enorme sobre las cosas que puedo hacer para mejorar mis finanzas personales, he aprendido sobre tantas cosas que todos deber√≠amos saber.
Todos deber√≠amos de recibir una educaci√≥n financiera, saber c√≥mo asegurar nuestro futuro, el futuro de quienes amamos, conocer las herramientas que nos permitir√°n lograr lo que nos planeamos ¬°y disfrutar el proceso!
Por eso cre√© este canal, para compartir todo lo que voy aprendiendo y con un poco de suerte mejorar las finanzas personales de algunas personas (¬°como t√∫!)",926000,76646604,0.9439347604485219,0.08237735240510535
Economia y Finanzas ,UCj_hZ5q6RCHwfdtYYSFjj_A,"En este canal, encontrar√°s una amplia variedad de contenido, desde consejos sobre finanzas personales as√≠ como tambi√©n contenidos mas avanzados sobre las economia y finanzas, hasta estrategias de inversi√≥n, informaci√≥n sobre mercados financieros y noticias econ√≥micas. Nuestro enfoque es proporcionarte las herramientas y conocimientos necesarios para tomar decisiones financieras informadas que te lleven a alcanzar tus metas econ√≥micas y aspiraciones de vida.",4,193,4.077471967380225e-06,2.0743031242695807e-07
Dani Fernandez: canal economia,UCi7B3XBQ5NswO-tawUGMCOA,Canal de v√≠deos de econom√≠a y temas relacionados con el liberalismo cl√°sico.,12100,665838,0.012334352701325178,0.0007156216806515073
